label,link,text
1,https://illinois.edu/facultystaff/index.html,Faculty & Staff
1,https://illinois.edu/facultystaff/index.html#content-main,Skip to main content
1,https://provost.illinois.edu/staff-directory/cangellaris-andreas/,About Andreas Cangellaris
1,http://research.illinois.edu/about-ovcr/staff-directory,About Susan Martinis
1,https://directory.illinois.edu/facultyListing,"Faculty Listing by Department,"
1,https://illinois.edu/about/facts.html#facts-people,People
1,https://www.library.illinois.edu/geninfo/staff-directory/,Employee Directory
1,https://www.library.illinois.edu/about/faculty-staff-achievements/,Faculty & Staff Achievments
1,https://undergradresearch.illinois.edu/faculty/undergraduate-researchers.html,Find Undergraduate Researchers
1,https://undergradresearch.illinois.edu/faculty/faculty-resources.html,Resources
1,https://undergradresearch.illinois.edu/faculty/faculty.html, Submit an opportunity 
1,https://covid19.illinois.edu/guides/facultystaff,Faculty & Staff
1,https://www.disability.illinois.edu/about/staff-directory,Staff
1,https://www.disability.illinois.edu/resources-facultystaff-disabilities,Resources for Faculty/Staff with Disabilities
1,https://aces.illinois.edu/research/staff-and-contact-information,Staff
1,https://aces.illinois.edu/people,People
1,https://aces.illinois.edu/people#college-leadership,College Leadership
1,https://aces.illinois.edu/people#academic-departments-heads,Academic Department Heads
1,https://aces.illinois.edu/people#academic-units,Academic Units
1,https://aces.illinois.edu/people#administrative-units,Administrative Units
1,https://cs.illinois.edu/about/people/all-faculty/vadve,Vikram Adve
1,https://beckman.illinois.edu/about/for-beckman-faculty-staff,Resources for Beckman faculty and staff
1,https://beckman.illinois.edu/contact/directory,Directory
1,https://beckman.illinois.edu/contact/media-contact, Media contact 
1,https://beckman.illinois.edu/about/news/article/2020/12/02/auerbach-joins-beckman-as-full-time-faculty-member, 
1,https://beckman.illinois.edu/about/for-beckman-faculty-staff/information-technology-services/poster-printing-instructions,Print a poster
1,https://beckman.illinois.edu/about/for-beckman-faculty-staff/communications-office/advertise-at-beckman,Advertise at Beckman
1,https://cancer.illinois.edu/people/leadership-and-ccil-staff,Leadership and CCIL Staff
1,https://cancer.illinois.edu/people/steering-committee,Steering Committee
1,https://cancer.illinois.edu/people/crag-members,CRAG Members
1,https://www.igb.illinois.edu/people,
1,https://physics.illinois.edu/people/directory/profile/dimer,Philip W. Phillips
1,https://www.igb.illinois.edu/article/two-igb-faculty-members-elected-aaas-fellows, 
1,https://www.igb.illinois.edu/people/employment-opportunities,Employment Opportunities
1,http://mcb.illinois.edu/faculty/profile/rhanor/,Rhanor Gillette
1,https://education.illinois.edu/faculty-staff,Faculty & Staff
1,https://education.illinois.edu/home/find-people,Find People
1,https://www.life.illinois.edu/entomology/faculty/allan.html,Brian F. Allan
1,https://grad.illinois.edu/faculty-staff,Faculty & Staff
1,https://www.igb.illinois.edu/research-areas/anticancer-discovery-pets-people,Anticancer Discovery from Pets to People
1,https://grad.illinois.edu/faculty/mentoring,Mentoring Resources for Faculty
1,https://www.igb.illinois.edu/people/alpha,Alphabetical Directory
1,https://www.igb.illinois.edu/people/eab,Leadership and External Advisory Members
1,https://www.igb.illinois.edu/people/igb-director, 
1,https://www.igb.illinois.edu/people/archaea,Archaea and Carl Woese
1,https://giesbusiness.illinois.edu/faculty-research/faculty-profiles,Faculty Profiles
1,https://giesbusiness.illinois.edu/faculty-research/faculty-staff-directory,Faculty & Staff Directory
1,https://giesbusiness.illinois.edu/faculty-research/academic-departments,Academic Departments
1,https://giesbusiness.illinois.edu/faculty-research/research-at-gies,Research at Gies
1,https://grad.illinois.edu/careers/faculty,Faculty & Academic Careers
1,https://www.igb.illinois.edu/acquainted/summer-internship-indigenous-peoples-genomics-sing,Summer internship for INdigenous peoples in Genomics
1,https://las.illinois.edu/faculty,Faculty and staff resources
1,https://giesbusiness.illinois.edu/faculty-research/research-articles,Research Articles
1,https://giesbusiness.illinois.edu/faculty-research,Faculty & Research
1,https://grad.illinois.edu/faculty/promoting-diversity,Resources for Graduate Programs
1,https://media.illinois.edu/advertising/faculty,Faculty
1,https://media.illinois.edu/journalism/faculty,Faculty
1,https://healthinstitute.illinois.edu/about-ihsi/people,People
1,https://grainger.illinois.edu/about/directory/faculty,Faculty
1,https://giesbusiness.illinois.edu/news/2020/12/01/3-gies-faculty-named-to-p-q-s-top-undergraduate-business-professors,
1,https://medicine.illinois.edu/faculty/,Faculty
1,https://media.illinois.edu/media-cinema-studies/faculty,Faculty
1,https://ischool.illinois.edu/people, People 
1,https://ischool.illinois.edu/people/faculty,Faculty
1,https://ischool.illinois.edu/people/adjunct-affiliated-faculty,Adjuncts & Affiliates
1,https://ischool.illinois.edu/people/doctoral-students,Doctoral Students
1,https://ischool.illinois.edu/people/emeritus-faculty,Emeriti Faculty
1,https://ischool.illinois.edu/people/administrative-staff,Administration
1,https://prairie.illinois.edu/about/staff-directory/,Staff Directory
1,https://www.iprh.illinois.edu/about/people,People
1,https://www.iprh.illinois.edu/fellowships-research-support/hri-summer-faculty-research-fellowships,HRI Summer Faculty Research Fellowships
1,https://media.illinois.edu/phd-program/faculty,Faculty
1,https://ischool.illinois.edu/people/staff,Staff
1,https://ischool.illinois.edu/people/committees,Committees
1,https://ischool.illinois.edu/people/directory,School Directory
1,https://las.illinois.edu/news/faculty-honors,Faculty honors
1,https://las.illinois.edu/news/2020-11-30/three-las-faculty-members-honored-advancing-science, 
1,https://grad.illinois.edu/directory/staff,Staff Directory
1,https://www.grad.illinois.edu/grad_faculty/,Grad Faculty Database
1,https://media.illinois.edu/im-interested/open-facultystaff-positions,Open Faculty/Staff Positions
1,https://las.illinois.edu/faculty/advising,Advising toolbox
1,https://las.illinois.edu/faculty/dates,Dates and deadlines
1,https://las.illinois.edu/faculty/courses,Approval process for LAS courses
1,https://las.illinois.edu/faculty/curricula,Approval process for curricula
1,https://www.iprh.illinois.edu/events/levis-faculty-center-space-reservations,Levis Space Reservations
1,https://law.illinois.edu/faculty-research/,Faculty & Research
1,https://law.illinois.edu/faculty-research/faculty-profiles/,Faculty Profiles
1,https://www.iprh.illinois.edu/interseminars-initiative/interseminars-faculty-proposals,Interseminars Faculty Proposals
1,https://law.illinois.edu/faculty-research/specialty-programs/,Specialty Programs
1,https://law.illinois.edu/faculty-research/meet-our-jsd-candidates/,Meet Our JSD Candidates
1,https://law.illinois.edu/faculty-research/emeriti-faculty/,Emeriti Faculty
1,https://media.illinois.edu/about-college/faculty-staff,Contact Us
1,https://provost.illinois.edu/staff-directory/,Provost’s Staff Directory
1,https://ischool.illinois.edu/news-events/events/2020/12/09/faculty-meeting,Faculty Meeting
1,https://media.illinois.edu/info-faculty-and-staff,For Faculty & Staff
1,https://provost.illinois.edu/faculty-affairs/,Faculty Affairs
1,https://provost.illinois.edu/faculty-affairs/faculty-development-mentoring/,Faculty Development & Mentoring
1,https://provost.illinois.edu/faculty-affairs/faculty-resources/,Faculty Resources
1,https://provost.illinois.edu/faculty-affairs/leadership-development-programs/,Leadership Development Programs
1,https://provost.illinois.edu/faculty-affairs/seminars-workshops/,Seminars & Workshops
1,https://provost.illinois.edu/faculty-affairs/unit-executive-officer-resources/,Unit Executive Officer Resources
1,https://provost.illinois.edu/faculty-affairs/work-life-balance/,Work-Life Balance & Family-Friendly Programs
1,https://diversity.illinois.edu/about/staff-directory/,Staff Directory
1,https://diversity.illinois.edu/academic-inclusion-programs/faculty-staff-affinity-groups/,Faculty and Staff Affinity Groups
1,https://diversity.illinois.edu/institutional-equity/pregnant-parenting-faculty-staff/,Pregnant and Parenting Faculty/Staff
1,https://diversity.illinois.edu/institutional-equity/title-ix/faculty-staff-resources/,Faculty and Staff Resources
1,https://diversity.illinois.edu/diversity-campus-culture/indigenous-peoples-day/,Sovereignty and Indigeneity in the Big Ten
1,https://diversity.illinois.edu/diversity-campus-culture/indigenous-peoples-day/related-events/,Related Events
1,http://honors.illinois.edu/CHP%20Faculty.shtml,CHP Faculty
1,https://registrar.illinois.edu/faculty-staff/,Faculty & Staff
1,https://registrar.illinois.edu/faculty-staff/course-catalog-and-scheduling/,Course Catalog & Scheduling
1,https://registrar.illinois.edu/faculty-staff/registration-resources/,Registration
1,https://registrar.illinois.edu/faculty-staff/final-exam-scheduling/,Final Exam Scheduling
1,https://registrar.illinois.edu/faculty-staff/staff-grades/,Grades
1,https://registrar.illinois.edu/faculty-staff/graduation-resources/,Graduation
1,https://registrar.illinois.edu/faculty-staff/ferpa-fs/,FERPA
1,https://registrar.illinois.edu/faculty-staff/reporting-and-data-access/,Reporting & Data Access
1,https://registrar.illinois.edu/faculty-staff/calendars/,Calendars
1,https://registrar.illinois.edu/faculty-staff/policies/,Policies
1,https://registrar.illinois.edu/faculty-staff/forms/,Forms
1,http://research.illinois.edu/about-ovcr/staff-directory/A,A
1,http://research.illinois.edu/about-ovcr/staff-directory/B,B
1,http://research.illinois.edu/about-ovcr/staff-directory/C,C
1,http://research.illinois.edu/about-ovcr/staff-directory/D,D
1,http://research.illinois.edu/about-ovcr/staff-directory/E,E
1,http://research.illinois.edu/about-ovcr/staff-directory/F,F
1,http://research.illinois.edu/about-ovcr/staff-directory/G,G
1,http://research.illinois.edu/about-ovcr/staff-directory/H,H
1,http://research.illinois.edu/about-ovcr/staff-directory/K,K
1,http://research.illinois.edu/about-ovcr/staff-directory/L,L
1,http://research.illinois.edu/about-ovcr/staff-directory/M,M
1,http://research.illinois.edu/about-ovcr/staff-directory/N,N
1,http://research.illinois.edu/about-ovcr/staff-directory/O,O
1,http://research.illinois.edu/about-ovcr/staff-directory/P,P
1,http://research.illinois.edu/about-ovcr/staff-directory/R,R
1,http://research.illinois.edu/about-ovcr/staff-directory/S,S
1,http://research.illinois.edu/about-ovcr/staff-directory/V,V
1,http://research.illinois.edu/about-ovcr/staff-directory/W,W
1,https://provost.illinois.edu/staff-directory/cangellaris-andreas/tel:2173336677,(217) 333-6677
1,https://humanresources.illinois.edu/about/staff-directory.html,humanresources.illinois.edu
1,https://registrar.illinois.edu/faculty-staff/staff-grades/final-grades/,Enter Grades
1,http://housing.illinois.edu/Contact-Us/Contact-Us-Form,Give Feedback
1,https://housing.illinois.edu/Catering/Our-Staff/Event-Staff,Event Staff
1,https://mckinley.illinois.edu/contact/contact-us,Call Us
1,https://commencement.illinois.edu/may-commencement/faculty-and-staff/,Faculty and Staff
1,https://commencement.illinois.edu/may-commencement/faculty-and-staff/faculty-academic-attire/,Faculty Academic Attire
1,http://counselingcenter.illinois.edu/faculty-staff-parents,"For Faculty, Staff & Parents"
1,https://odos.illinois.edu/community-of-care/resources/faculty/,Resources for Faculty
1,https://kam.illinois.edu/exhibition/2021-school-art-design-faculty-exhibition,
1,https://provost.illinois.edu/faculty-affairs/seminars-workshops/illinois-new-faculty-orientation-info/,New Faculty
1,https://parking.illinois.edu/permits-forms/faculty-staff-permits,Faculty & Staff Permits
1,https://parking.illinois.edu/faculty-staff-permits/new-faculty-staff-permits,New Faculty & Staff Permits
1,https://campusrec.illinois.edu/about-us/staff-directory/,Staff Directory
1,https://directory.illinois.edu/facultyListing#content-main,Skip to main content
1,https://www.library.illinois.edu/geninfo/staff-directory/#site_search_collapse_mobile, Site Search
1,http://oiir.illinois.edu/la-casa-cultural-latina/student-staff/student-staff,For The Student Staff
1,http://www.library.illinois.edu/people/,Employee Directory
1,http://www.library.illinois.edu/people/directory.html,Departmental Directory
1,https://www.library.illinois.edu/about/faculty-staff-achievements/#site_search_collapse_mobile, Site Search
1,https://www.library.illinois.edu/geninfo/staff-directory, Library Staff Directory
1,https://www.library.illinois.edu/about/faculty-staff-achievements/library-outstanding-award-winners/,Library’s Outstanding Employee Awards
1,http://www.library.illinois.edu/people/phone.php,Employee Directory
1,http://www.library.illinois.edu/learn/users/faculty.html,Faculty
1,https://www.library.illinois.edu/borrowing/students-faculty-and-staff/,"Students, Faculty, and Staff"
1,https://registrar.illinois.edu/faculty-staff/course-catalog-and-scheduling/specifications/,Some campus classrooms are also available
1,https://www.parking.illinois.edu/permits-forms/faculty-staff-permits,Faculty & Staff Permits
1,https://www.parking.illinois.edu/faculty-staff-permits/new-faculty-staff-permits,New Faculty & Staff Permits
1,https://business.illinois.edu/people/,https://business.illinois.edu/people/
1,https://www.library.illinois.edu/staff/humanresources/business-office/staff1/,Who to ask
1,https://abe.illinois.edu/directory/faculty,Agricultural & Biological Engineering Faculty
1,https://afro.illinois.edu/directory/faculty,African American Studies Faculty
1,https://ae.illinois.edu/directory/faculty,Aerospace Engineering Faculty
1,https://ace.illinois.edu/faculty,https://ace.illinois.edu/faculty
1,https://cse.illinois.edu/about-us/faculty-affiliates/,https://cse.illinois.edu/about-us/faculty-affiliates/
1,https://aerospace.illinois.edu/directory/faculty,department faculty
1,http://www.afrst.illinois.edu/people/faculty/,http://www.afrst.illinois.edu/people/faculty/
1,http://www.studentaffairs.illinois.edu/about/programs-staff/outstanding-staff-and-program-awards,Outstanding Staff and Program Awards (OSPAs)
1,https://aged.illinois.edu/directory/faculty,Agricultural Education Faculty
1,https://agcomm.illinois.edu/faculty-staff,https://agcomm.illinois.edu/faculty-staff
1,https://ansc.illinois.edu/directory/faculty/,Animal Sciences Faculty
1,http://www.slate.illinois.edu/people/,SLATE Faculty
1,https://math.illinois.edu/directory/faculty-by-type,https://math.illinois.edu/directory/faculty-by-type
1,https://anthro.illinois.edu/directory/faculty,Anthropology Faculty
1,https://art.illinois.edu/index.php/people/faculty-staff,Art + Design Faculty
1,https://studentaffairs.illinois.edu/collaborations/committees-and-boards/illini-union-bookstore-faculty-liaison-committee,Illini Union Bookstore Faculty Liaison Committee
1,http://www.asianam.illinois.edu/people/faculty/,Asian American Studies Faculty
1,https://atmos.illinois.edu/directory/faculty,Atmospheric Sciences Faculty
1,https://astro.illinois.edu/directory/faculty,Astronomy Faculty
1,http://mcb.illinois.edu/faculty/biochemistry,Biochemistry Faculty
1,https://psychology.illinois.edu/directory/faculty,Psychology Faculty
1,https://chemistry.illinois.edu/directory/faculty-by-type,Chemistry Faculty
1,https://classics.illinois.edu/directory/faculty,Classics Faculty
1,http://kch.illinois.edu/faculty,Kinesiology & Community Health Faculty
1,http://www.medieval.illinois.edu/people/faculty/,http://www.medieval.illinois.edu/people/faculty/
1,https://communication.illinois.edu/directory/faculty,Communication Faculty
1,https://cee.illinois.edu/directory/faculty,Department of Civil & Environmental Engineering Faculty
1,http://www.counselingcenter.illinois.edu/faculty-staff-parents,"For Faculty, Staff & Parents"
1,https://complit.illinois.edu/faculty,Comparative & World Literature Faculty
1,https://ece.illinois.edu/directory/faculty.asp,Electrical & Computer Engineering Faculty
1,https://www.informatics.illinois.edu/faculty-affiliates/,https://www.informatics.illinois.edu/faculty-affiliates/
1,https://cropsciences.illinois.edu/people/faculty/,https://cropsciences.illinois.edu/people/faculty/
1,https://sib.illinois.edu/eeb/faculty,https://sib.illinois.edu/eeb/faculty
1,https://cs.illinois.edu/people/faculty,Computer Science Faculty
1,https://earth.illinois.edu/directory/faculty,"Earth, Society & Environment Faculty"
1,https://education.illinois.edu/faculty-finder/ci,Curriculum & Instruction Faculty
1,http://biophysics.illinois.edu/people/faculty,Biophysics Faculty
1,http://mcb.illinois.edu/faculty/cdb,http://mcb.illinois.edu/faculty/cdb
1,https://ealc.illinois.edu/directory/faculty-by-area,East Asian Languages & Cultures Faculty
1,https://economics.illinois.edu/directory/faculty,Economics Faculty
1,https://english.illinois.edu/directory/faculty,English Faculty
1,https://mechse.illinois.edu/people,Mechanical Science & Engineering Faculty
1,https://physics.illinois.edu/people/directory/,Physics Faculty
1,http://www.classics.illinois.edu/people/,www.classics.illinois.edu/people/
1,https://fshn.illinois.edu/directory/faculty/,https://fshn.illinois.edu/directory/faculty/
1,https://frit.illinois.edu/directory/faculty,French & Italian Faculty
1,https://www.geog.illinois.edu/people,Geography & GIS Faculty
1,https://gws.illinois.edu/directory/faculty,Gender & Women's Studies Faculty
1,https://ggis.illinois.edu/directory/faculty,Geography & GGIS Faculty
1,https://cs.illinois.edu/people/faculty/department-faculty,https://cs.illinois.edu/people/faculty/department-faculty
1,http://cs.illinois.edu/people/faculty,faculty members
1,https://education.illinois.edu/faculty-finder,Faculty Finder
1,https://www.geology.illinois.edu/people,Geology Faculty
1,https://germanic.illinois.edu/directory/faculty,Germanic Languages & Literatures Faculty
1,https://globalstudies.illinois.edu/directory/faculty-and-staff,Global Studies Faculty
1,https://history.illinois.edu/directory/faculty,History Faculty
1,https://education.illinois.edu/faculty-finder/epol,"Education Policy, Organization & Leadership Faculty"
1,https://hdfs.illinois.edu/directory/faculty/,Human Development & Family Studies Faculty
1,https://ise.illinois.edu/directory/faculty.html,Industrial & Enterprise Systems Faculty
1,https://music.illinois.edu/people,Music Faculty
1,http://sib.illinois.edu/people/faculty_all,School of Integrative Biology Faculty
1,http://ihealth.illinois.edu/faculty-staff,I-Health Faculty and Staff
1,https://education.illinois.edu/faculty-finder/edpsy,Educational Psychology Faculty
1,https://jewishculture.illinois.edu/directory/affiliate-faculty,Jewish Culture & Society Faculty
1,http://www.clacs.illinois.edu/about/people/faculty.aspx,Latin American Studies Faculty
1,https://lls.illinois.edu/directory/faculty,Latina/Latino Faculty
1,https://landarch.illinois.edu/faculty/,https://landarch.illinois.edu/faculty/
1,https://sib.illinois.edu/entomology/faculty,https://sib.illinois.edu/entomology/faculty
1,https://linguistics.illinois.edu/directory/faculty,Linguistics Faculty
1,https://math.illinois.edu/directory/faculty,Mathematics Faculty
1,https://matse.illinois.edu/directory/faculty,Materials Science & Engineering Faculty
1,http://dance.illinois.edu/people/faculty/cynthia-oliver,M. Cynthia Oliver
1,https://urban.illinois.edu/people/faculty-directory/core-faculty/4-marc-doussard,Marc Doussard
1,http://www.philosophy.illinois.edu/people/weinberg,Shelley Weinberg
1,http://international.illinois.edu/awards-funding/faculty-staff.html,Illinois International
1,http://www.las.illinois.edu/faculty/dates/,LAS Conference Support Program
1,https://msfe.illinois.edu/faculty/,https://msfe.illinois.edu/faculty/
1,https://research.illinois.edu/about-ovcr/staff-directory, Staff Directory 
1,https://mcb.illinois.edu/people/,School Faculty
1,http://spa.illinois.edu/institution-information/staff-directory/G,Kathy Gentry
1,https://igi.illinois.edu/people,People
1,https://hdfs.illinois.edu/directory/faculty,https://hdfs.illinois.edu/directory/faculty
1,http://hdfs.illinois.edu/directory/faculty,http://hdfs.illinois.edu/directory/faculty
1,https://ler.illinois.edu/about/faculty-staff/,Labor & Employment Relations Faculty
1,https://nres.illinois.edu/directory/faculty,https://nres.illinois.edu/directory/faculty
1,http://adsc.illinois.edu/people,People
1,http://adsc.illinois.edu/people/faculty,Faculty
1,http://adsc.illinois.edu/people/research-staff,Research Staff
1,http://adsc.illinois.edu/people/administration,Administration
1,http://adsc.illinois.edu/people/graduate-students,Graduate Students
1,http://adsc.illinois.edu/people/interns,Interns
1,http://adsc.illinois.edu/people/join-adsc,Join ADSC
1,https://acdis.illinois.edu/people/,People
1,https://acdis.illinois.edu/people/team/,Team
1,https://acdis.illinois.edu/people/faculty/,Faculty
1,https://acdis.illinois.edu/people/visiting-scholars/,Visiting Scholars
1,https://acdis.illinois.edu/people/graduate-students/,Graduate Students
1,https://acdis.illinois.edu/people/team/former-student-interns/,Former Student Interns
1,https://acrc.mechse.illinois.edu/people,People
1,https://acrc.mechse.illinois.edu/people/groups/administration,Administration
1,https://acrc.mechse.illinois.edu/people/groups/faculty,Research Principal Investigators
1,https://acrc.mechse.illinois.edu/people/groups/post-doctoral-researcher,Postdoctoral Research Associates
1,https://acrc.mechse.illinois.edu/people/groups/graduate-student,Graduate Students
1,https://acrc.mechse.illinois.edu/people/groups/undergraduate-student,Undergraduate Students
1,https://acrc.mechse.illinois.edu/people/groups/visiting-scholar,Visiting Scholars
1,https://acrc.mechse.illinois.edu/people/groups/students,Students
1,https://acrc.mechse.illinois.edu/people/groups/previous-visiting-scholars,Past Visiting Scholars
1,https://npre.illinois.edu/people/profile/wroy,William R. Roy
1,https://philosophy.illinois.edu/directory/faculty,Philosophy Faculty
1,https://npre.illinois.edu/directory/faculty,"Nuclear, Plasma, & Radiological Engineering Faculty"
1,https://pol.illinois.edu/directory/faculty,Political Science Faculty
1,https://cropsciences.illinois.edu/people/profile/mhudson,Matthew Hudson
1,http://autonomic.beckman.illinois.edu/people.html,People
1,http://www.cmmb-igert.illinois.edu/faculty.html,Faculty
1,http://mntl.illinois.edu/people/profile.asp?rbashir,Rashid Bashir
1,http://mcb.illinois.edu/faculty/profile/mgillett,Martha L. Gillette 
1,http://mechse.illinois.edu/content/directory/faculty/profile.php?user_id=30,K. Jimmy Hsia
1,http://mechse.illinois.edu/content/directory/faculty/profile.php?user_id=54,Taher A. Saif
1,http://biophotonics.illinois.edu/?q=people/biography-and-contact,Professor Stephen Boppart
1,http://biophotonics.illinois.edu/?q=people/current-members,Current Members
1,http://biophotonics.illinois.edu/?q=people/past-members,Past Members
1,http://biophotonics.illinois.edu/?q=people/group-events,Group Events
1,http://biophotonics.illinois.edu/?q=people/current-and-past-collaborators,Collaborators
1,https://spanport.illinois.edu/academics/portuguese-undergraduate/portuguese-faculty,Portuguese Faculty
1,http://leadership.illinois.edu/research/faculty-fellows,Illinois Leadership Center Faculty Fellows
1,https://provost.illinois.edu/faculty-affairs/seminars-workshops/ncfdd-faculty-success-program/,NCFDD Faculty Success Program
1,https://matse.illinois.edu/people/faculty/department-faculty,https://matse.illinois.edu/people/faculty/department-faculty
1,https://www.iprh.illinois.edu/fellowships/mellon/faculty.html,IPRH–Andrew W. Mellon Faculty Fellowship in Legal Humanities
1,https://www.iprh.illinois.edu/fellowships/campus/faculty.html,IPRH Faculty Fellowship Awards
1,http://reeec.illinois.edu/resources/faculty/student-organizations/,"Russian, East European, and Eurasian Center Faculty Travel Grants"
1,http://rst.illinois.edu/faculty,"Recreation, Sport, & Tourism Faculty"
1,https://www.religion.illinois.edu/directory/faculty,Religion Faculty
1,https://reeec.illinois.edu/people/groups/faculty/,"Russian, East European, & Eurasian Studies"
1,http://undergradresearch.illinois.edu/faculty/undergraduate-researchers.html,Find Undergraduate Researchers
1,http://undergradresearch.illinois.edu/faculty/faculty-resources.html,Resources
1,https://mcb.illinois.edu/faculty_research/,Overview
1,https://mcb.illinois.edu/faculty/by_research,Research Topics
1,https://mcb.illinois.edu/faculty/by_disease_research,Disease Research Interests
1,https://mcb.illinois.edu/faculty/videos,Video Interviews
1,https://mrl.illinois.edu/directory/faculty,Faculty
1,http://www.csames.illinois.edu/people/,People
1,https://experts.illinois.edu/en/activities/how-much-vegetation-density-in-green-infrastructure-do-people-pre,How much vegetation density in green infrastructure do people prefer?
1,https://mrl.illinois.edu/directory/staff,All Staff
1,https://mrl.illinois.edu/directory/mrl-staff-scientists,MRL Staff Scientists
1,https://mrl.illinois.edu/directory/contact-us,Contact Us
1,https://mechanical.illinois.edu/people,https://mechanical.illinois.edu/people
1,https://csbs.research.illinois.edu/people/,People
1,https://experts.illinois.edu/en/activities/faculty-development-committee-external-organization,Faculty Development Committee (External organization)
1,http://www.slavic.illinois.edu/directory/faculty,Slavic Faculty
1,https://vetmed.illinois.edu/college-organization/pathobiology/faculty8/,Faculty
1,http://socialwork.illinois.edu/about-ssw/faculty-and-staff-directory/?doing_wp_cron=1546290133.2576510906219482421875,School of Social Work Faculty
1,https://sociology.illinois.edu/directory/faculty,Sociology Faculty
1,https://experts.illinois.edu/en/prizes/2017-sheth-distinguished-faculty-award-for-international-achievem,2017 Sheth Distinguished Faculty Award for International Achievement
1,http://csl.illinois.edu/directory/faculty, Faculty 
1,http://csl.illinois.edu/directory/staff, Staff 
1,http://mrl.illinois.edu/directory/faculty,Faculty
1,https://spanport.illinois.edu/directory/faculty,Spanish & Portuguese Faculty
1,http://mrl.illinois.edu/directory/staff,All Staff
1,http://mrl.illinois.edu/directory/mrl-staff-scientists,MRL Staff Scientists
1,http://mrl.illinois.edu/directory/contact-us,Contact Us
1,https://education.illinois.edu/faculty-finder/sped,Special Education Faculty
1,http://edream.illinois.edu/endowment/fiddler-faculty-fellows,fiddler faculty fellows
1,http://www.istem.illinois.edu/about/people.html,People
1,https://undergradresearch.illinois.edu/faculty/undergraduate-researchers.html#responsive-menu, Menu
1,https://undergradresearch.illinois.edu/faculty/undergraduate-researchers.html#top,
1,https://iti.illinois.edu/people,People
1,https://undergradresearch.illinois.edu/faculty/faculty-resources.html#responsive-menu, Menu
1,http://www.eui.illinois.edu/about/testimonials/faculty/,Faculty
1,http://www.eui.illinois.edu/people/,People
1,http://www.eui.illinois.edu/people/staff/,EUI Staff
1,http://www.eui.illinois.edu/people/instructors/,EUI Instructors
1,http://www.eui.illinois.edu/people/internal/,Internal Advisory Board
1,https://undergradresearch.illinois.edu/faculty/faculty-resources.html#top,
1,http://www.eui.illinois.edu/people/external/,External Advisory Board
1,http://www.history.illinois.edu/people/jwr,John Randolph
1,http://www.library.illinois.edu/people/bios/mhensle1/,Merinda Hensley
1,https://iquist.illinois.edu/people,People
1,https://undergradresearch.illinois.edu/faculty/faculty.html#responsive-menu, Menu
1,https://grainger.illinois.edu/about/faculty,Find People
1,https://undergradresearch.illinois.edu/faculty/faculty.html#top,
1,https://theatre.illinois.edu/people/meet-our-faculty/,https://theatre.illinois.edu/people/meet-our-faculty/
1,https://npre.illinois.edu/people/faculty,https://npre.illinois.edu/people/faculty
1,https://urban.illinois.edu/people/meet-our-faculty/,https://urban.illinois.edu/people/meet-our-faculty/
1,http://www.psychology.illinois.edu/people/faculty,here
1,https://slavic.illinois.edu/directory/faculty,https://slavic.illinois.edu/directory/faculty
1,https://sbc.illinois.edu/people/,https://sbc.illinois.edu/people/
1,http://omst.sib.illinois.edu/people/,Faculty
1,https://vetmed.illinois.edu/directory/index.pl?dept=873&type=Faculty,Comparative Biosciences Faculty
1,https://studentaffairs.illinois.edu/about/programs-staff/outstanding-staff-and-program-awards/previous-award-winners,Outstanding Program Award
1,http://oiir.illinois.edu/news-statements/indigenous-peoples-day-2019,Indigenous Peoples' Day 2019
1,https://covid19.illinois.edu/updates/text-messages-for-faculty-staff-who-test-positive/,Text messages for faculty/staff who test positive
1,https://oiir.illinois.edu/news-statements/indigenous-peoples-day-2019,Indigenous Peoples' Day 2019
1,https://techservices.illinois.edu/content/faculty-staff-and-student-technology-equipment-needs,"e found on the Faculty, Staff, and Student Technology Equipment Needs page"
1,https://registrar.illinois.edu/faculty-staff/calendars/spring-academic-calendar-21/,Important spring dates
1,https://beckman.illinois.edu/about/for-beckman-faculty-staff/faq-on-covid-19,Beckman Institute
1,https://covid19.illinois.edu/guides/facultystaff/,Faculty and Staff
1,https://www.disability.illinois.edu/about/staff-directory/jon-gunderson,Jon Gunderson
1,https://www.disability.illinois.edu/about/staff-directory/christy-l-blew,Christy L. Blew
1,https://www.disability.illinois.edu/about/staff-directory/lori-lane,Lori Lane
1,https://www.disability.illinois.edu/about/staff-directory/nicholas-hoyt,Nicholas Hoyt
1,https://www.disability.illinois.edu/about/staff-directory/ann-fredricksen,Ann Fredricksen
1,https://www.disability.illinois.edu/about/staff-directory/angella-anderson,Angella Anderson
1,https://www.disability.illinois.edu/about/staff-directory/velviet-adams,Velviet Adams
1,https://www.disability.illinois.edu/about/staff-directory/alex-cordain,Alex Cordain
1,https://www.disability.illinois.edu/about/staff-directory/tracy-mcdade-0,Tracy McDade
1,https://www.disability.illinois.edu/about/staff-directory/susann-sears,Susann Sears
1,https://www.disability.illinois.edu/about/staff-directory/paige-lindahl-lewis,Paige Lindahl-Lewis
1,https://www.disability.illinois.edu/about/staff-directory/jason-murphy,Jason Murphy
1,https://www.disability.illinois.edu/about/staff-directory/katy-hoyer,Katy Hoyer
1,https://www.disability.illinois.edu/about/staff-directory/jeffrey-mccoy,Jeffrey McCoy
1,https://www.disability.illinois.edu/about/staff-directory/daniel-kuk,Daniel Kuk
1,https://www.disability.illinois.edu/about/staff-directory/maureen-gilbert,Maureen Gilbert
1,https://www.disability.illinois.edu/about/staff-directory/adam-bleakney,Adam Bleakney
1,https://www.disability.illinois.edu/about/staff-directory/stephanie-wheeler,Stephanie Wheeler
1,https://www.disability.illinois.edu/about/staff-directory/matt-buchi,Matt Buchi
1,https://www.disability.illinois.edu/about/staff-directory/jeannette-elliott,Jeannette Elliott
1,https://www.disability.illinois.edu/about/staff-directory/connor-doherty,Connor Doherty
1,https://www.disability.illinois.edu/about/staff-directory/lindsay-haitz,Lindsay Haitz
1,https://www.disability.illinois.edu/about/staff-directory/kim-collins,Kim Collins
1,https://www.disability.illinois.edu/about/staff-directory/maureen-gilbert-0,Maureen Gilbert
1,https://www.disability.illinois.edu/about/staff-directory/susann-sears-0,Susann Sears
1,https://www.disability.illinois.edu/about/staff-directory/krystle-simmons,Krystle Simmons
1,https://www.disability.illinois.edu/about/staff-directory/sue-han,Sue Han
1,https://www.disability.illinois.edu/about/staff-directory/nina-obrien,Nina O'Brien
1,https://www.disability.illinois.edu/about/staff-directory/teresa-davenport,Teresa Davenport
1,https://www.disability.illinois.edu/about/staff-directory/amanda-carey,Amanda Carey
1,https://www.disability.illinois.edu/about/staff-directory/tina-cowsert,Tina Cowsert
1,https://www.disability.illinois.edu/about/staff-directory/rachel-green,Rachel Green
1,https://www.disability.illinois.edu/about/staff-directory/brian-siemann,Brian Siemann
1,https://www.disability.illinois.edu/about/staff-directory/ashley-dyke,Ashley Dyke
1,https://www.disability.illinois.edu/about/staff-directory/heidi-johnson,Heidi Johnson
1,https://www.disability.illinois.edu/about/staff-directory/tina-rolfe,Tina Rolfe
1,https://www.disability.illinois.edu/about/staff-directory/tracy-mcdade,Tracy McDade
1,https://www.disability.illinois.edu/about/staff-directory/ursulla-clague,Ursulla Clague
1,https://www.disability.illinois.edu/about/staff-directory/mylinda-netherton,Mylinda Netherton
1,https://www.disability.illinois.edu/about/staff-directory/david-morgan,David Morgan
1,https://www.disability.illinois.edu/about/staff-directory/james-goudie,James Goudie
1,https://www.disability.illinois.edu/about/staff-directory/stephen-lemke,Stephen Lemke
1,https://www.disability.illinois.edu/about/staff-directory/rebecca-wilsey,Rebecca Wilsey 
1,http://www.disability.illinois.edu/about/staff-directory/pat-malik,Director of DRES
1,https://www.disability.illinois.edu/about/staff-directory/christy-blew,"Christy Blew, "
1,https://www.disability.illinois.edu/living-accommodations/beckwith-residential-support-services-nugent-hall/about-staff-staff,"About Staff, For Staff"
1,https://ahs.illinois.edu/kinesiology/faculty-%26-staff, Faculty & Staff 
1,https://ahs.illinois.edu/community-health/faculty-%26-staff, Faculty & Staff 
1,https://ahs.illinois.edu/careers-faculty, Faculty 
1,https://ahs.illinois.edu/faculty-staff-resources,For Faculty & Staff
1,https://aces.illinois.edu/people/kkidwell,Read more about Dean Kidwell
1,https://aces.illinois.edu/research/staff-and-contact-information#main-content, Skip to main content 
1,https://aces.illinois.edu/academics/study-abroad/faculty-advisors,For Faculty and Advisors
1,https://www.disability.illinois.edu/beckwith-residential-support-services-nugent-hall/about-staff-staff/administrative-team-support,Administrative Team & Support Staff
1,https://aces.illinois.edu/people#main-content, Skip to main content 
1,https://aces.illinois.edu/academics/career-services/faculty-advisors,Faculty & Advisors
1,https://aces.illinois.edu/international/resources-services/#Faculty-and-Staff-Resources,Faculty & Staff Resources
1,https://aces.illinois.edu/international/resources-services/faculty-staff-grants,ACES-sponsored international grants
1,https://aces.illinois.edu/international/resources-services/faculty-global-academy,Learn more about the Global Academy
1,https://www.disability.illinois.edu/accommodations/video-captioning/captioning-services-faculty-tas-and-staff,"Captioning Services for Faculty, TA's, and Staff"
1,https://aces.illinois.edu/news/survey-shows-aces-faculty-are-working-76-countries,ACES faculty have engagements in 76 countries
1,https://academics.aces.illinois.edu/faculty-staff/OAP-Directory,Academic Programs
1,https://aces.illinois.edu/tags/people,People
1,https://aces.illinois.edu/news/donation-gives-students-faculty-step-grain-bin-safety,"Donation gives students, faculty a step up on grain bin safety"
1,https://cropsciences.illinois.edu/people/,Crop Sciences
1,https://academics.aces.illinois.edu/study-abroad/faculty-advisors, Faculty & Advisors 
1,https://www.disability.illinois.edu/beckwith-residential-support-services-nugent-hall/about-staff-staff/managing-personal-assistant,Managing Personal Assistant Staff
1,https://academics.aces.illinois.edu/career-services/information-faculty, For Faculty & Advisors 
1,https://academics.aces.illinois.edu/faculty-and-staff/academy-teaching-excellence,ACES Academy of Teaching Excellence
1,https://academics.aces.illinois.edu/faculty-staff/teaching-matters,Teaching Matters
1,https://academics.aces.illinois.edu/faculty-and-staff/grading-and-records,Grading and Academic Records
1,https://academics.aces.illinois.edu/faculty-and-staff/advising-guide,Advising Guide
1,https://academics.aces.illinois.edu/faculty-and-staff/developing-courses,Developing Courses
1,https://academics.aces.illinois.edu/faculty-and-staff/resources,Faculty and Staff Resources
1,https://www.disability.illinois.edu/beckwith-residential-support-services-nugent-hall/about-staff-staff/personal-assistant-services,Personal Assistant Services Contract
1,https://www.disability.illinois.edu/beckwith-residential-support-services-nugent-hall/about-staff-staff/prospective-and-current-employee,Prospective and Current Employee Resources
1,https://www.disability.illinois.edu/staff-directory,Staff Directory
1,https://www.disability.illinois.edu/beckwith-residential-support-services-nugent-hall/about-staff-staff/staff-evaluation-forms,Staff Evaluation Forms
1,https://sib.illinois.edu/plantbio/faculty,Faculty
1,https://sib.illinois.edu/people,People
1,https://cropsciences.illinois.edu/people/staff/,Staff
1,https://cropsciences.illinois.edu/people/graduates/,Graduate Student
1,https://cropsciences.illinois.edu/people/research-areas/,By Research Area
1,https://cs.illinois.edu/about/positions/faculty-positions,Faculty Positions
1,https://cs.illinois.edu/about/awards/faculty-awards,Faculty Awards
1,https://cs.illinois.edu/about/awards/faculty-awards/chairs-and-professorships,Chairs and Professorships
1,https://cs.illinois.edu/about/awards/faculty-awards/chairs-and-professorships/abel-bliss-professorship-engineering,Abel Bliss Professorship in Engineering
1,https://cs.illinois.edu/about/awards/faculty-awards/chairs-and-professorships/donald-biggar-willett-professorship,Donald Biggar Willett Professorship in Engineering
1,https://cs.illinois.edu/about/awards/faculty-awards/chairs-and-professorships/founder-professor-engineering,Founder Professor in Engineering
1,https://cs.illinois.edu/about/awards/faculty-awards/chairs-and-professorships/george-ann-fisher-distinguished,George and Ann Fisher Distinguished Professorship in Engineering
1,https://cs.illinois.edu/about/awards/faculty-awards/chairs-and-professorships/paul-and-cynthia-saylor-professorship,Paul and Cynthia Saylor Professorship in Computer Science
1,https://cs.illinois.edu/about/awards/faculty-awards/chairs-and-professorships/ralph-m-and-catherine-v-fisher,Ralph M. and Catherine V. Fisher Professorship
1,https://cs.illinois.edu/about/awards/faculty-awards/chairs-and-professorships/sohaib-and-sara-abbasi-professorship,Sohaib and Sara Abbasi Professorship in Computer Science
1,https://cs.illinois.edu/about/awards/faculty-awards/national-international-awards,National & International Awards
1,https://cs.illinois.edu/about/people/all-faculty/vadve#content,skip to main content
1,https://chemistry.illinois.edu/news/2020-11-24/three-faculty-members-elected-2020-fellows-american-association-advancement-science, 
1,https://chemistry.illinois.edu/spotlight/faculty/pirkle-william-h-1934-2018, 
1,https://cs.illinois.edu/about/people,People
1,https://cs.illinois.edu/about/people/all-faculty,All Faculty
1,http://faculty.nres.illinois.edu/~kaiyuguan/,Kaiyu Guan
1,https://cs.illinois.edu/about/people/department-faculty,Department Faculty
1,https://cs.illinois.edu/about/people/affiliate-faculty,Affiliate Faculty
1,https://cs.illinois.edu/about/people/adjunct-faculty,Adjunct Faculty
1,https://cs.illinois.edu/about/people/postdocs,Postdocs
1,https://cs.illinois.edu/about/people/emeritus-faculty,Emeritus Faculty
1,https://cs.illinois.edu/about/people/staff,Staff
1,https://cs.illinois.edu/about/people/staff/office-department-head,Office of the Department Head
1,https://cs.illinois.edu/about/people/staff/communications-engagement-team,Communications & Engagement Team
1,https://cs.illinois.edu/about/people/staff/undergraduate-advising-office,Undergraduate Advising Office
1,https://cs.illinois.edu/about/people/staff/graduate-advising-office,Graduate Advising Office
1,https://cs.illinois.edu/about/people/staff/instructional-development-team,Instructional Development Team
1,https://cs.illinois.edu/about/people/staff/business-office,Business Office
1,https://cs.illinois.edu/about/people/staff/faculty-support-contacts,Faculty Support Contacts
1,https://cs.illinois.edu/about/people/staff/facilities-shipping-and-receiving,"Facilities, Shipping and Receiving"
1,https://cs.illinois.edu/about/people/graduating-phd-students,Graduating PhD Students
1,https://cropsciences.illinois.edu/people/profile/ghartman,Glen Hartman
1,https://chbe.illinois.edu/directory/#teaching_faculty,Specialized Teaching Faculty
1,https://chbe.illinois.edu/directory/#staff,Staff
1,https://chbe.illinois.edu/about-us/faculty-awards-and-honors/,Faculty Awards and Honors
1,https://afro.illinois.edu/directory/specialized-faculty,Specialized Faculty
1,https://ler.illinois.edu/about/faculty-staff/faculty/lamare-j-ryan/,J. Ryan Lamare
1,https://afro.illinois.edu/spotlight/faculty/new-publication-dr-candice-jenkins,Read About It Here
1,https://ler.illinois.edu/about/faculty-staff/faculty/bruno-robert/,Robert Bruno
1,https://ler.illinois.edu/about/faculty-staff/faculty/forsythe-eliza/,Eliza Forsythe
1,https://ler.illinois.edu/about/faculty-staff/faculty/park-youngah/,YoungAh Park
1,https://ler.illinois.edu/about/faculty-staff/faculty/liu-yihao/,Yihao Liu
1,https://ler.illinois.edu/about/faculty-staff/faculty/benton-richard/,Richard Benton
1,https://ler.illinois.edu/about/faculty-staff/phd-candidates/kim-ki-jung/,Ki-Jung Kim
1,https://cropsciences.illinois.edu/people/profile/tranel,Patrick Tranel
1,https://ler.illinois.edu/about/faculty-staff/faculty/weinstein-russell/,Russell Weinstein
1,https://cropsciences.illinois.edu/people/profile/juvik,John Juvik
1,http://www.life.illinois.edu/entomology/faculty/berenbaum.html,May Berenbaum
1,http://www.psychology.illinois.edu/people/dalbarra,Dolores Albarracin
1,https://law.illinois.edu/faculty-research/faculty-profiles/richard-l-kaplan/,Richard L. Kaplan
1,https://music.illinois.edu/faculty/barry-l-houser,Barry Houser
1,http://www.arch.illinois.edu/people/faculty/kne/,Kevin Erickson
1,http://neuroscience.illinois.edu/people/amudd2/show_profile,Austin Mudd
1,http://www.igb.illinois.edu/people/eab,Gene Robinson
1,https://dance.illinois.edu/people/faculty/sara-hook,Sara Hook
1,https://dance.illinois.edu/people/faculty/endalyn-taylor,Endalyn Taylor
1,http://www.urban.illinois.edu/people/faculty-directory/core-faculty/9-bumsoo-lee,Bumsoo Lee
1,https://art.illinois.edu/index.php/people/faculty-staff/20-guen-montgomery,Guen Montgomery
1,https://art.illinois.edu/index.php/people/faculty-staff/220-jennifer-bergmark,Jennifer Bergmark
1,https://dance.illinois.edu/people/faculty/c-kemal-nance,Kemal Nance
1,https://landarch.illinois.edu/faculty/rebecca-ginsburg/,Rebecca Ginsburg
1,https://art.illinois.edu/index.php/people/faculty-staff/52-patrick-hammie,Patrick Hammie
1,https://dance.illinois.edu/people/faculty/jan-erkert/,Jan Erkert
1,https://music.illinois.edu/faculty/jeffrey-sposato,Jeff Sposato
1,https://music.illinois.edu/faculty/joyce-mccall,Joyce McCall
1,https://art.illinois.edu/index.php/people/faculty-staff/240-stacey-robinson,Stacey Robinson
1,https://music.illinois.edu/faculty/rochelle-sennet,Rochelle Sennet
1,https://urban.illinois.edu/people/profiles/lou-turner/,Lou Turner
1,https://beckman.illinois.edu/about/for-beckman-faculty-staff/communications-office,Communications Office
1,https://beckman.illinois.edu/about/for-beckman-faculty-staff/information-technology-services,Information Technology Services
1,https://beckman.illinois.edu/about/for-beckman-faculty-staff/facilities-and-planning,Facilities and Operations
1,https://beckman.illinois.edu/about/for-beckman-faculty-staff/business-office,Business Office
1,https://beckman.illinois.edu/about/for-beckman-faculty-staff/facilities-and-planning/security,Security
1,https://beckman.illinois.edu/about/for-beckman-faculty-staff/facilities-and-planning/shipping-receiving,Shipping and Receiving
1,https://art.illinois.edu/index.php/people/faculty-staff/22-emmy-lingscheit,Emmy Lingscheit
1,https://art.illinois.edu/index.php/people/faculty-staff/53-laurie-hogin,Laurie Hogin
1,https://ece.illinois.edu/about/directory/faculty/lgoddard,Lynford Goddard
1,https://mcb.illinois.edu/faculty/profile/rwhitakr,Rachel Whitaker
1,https://alisonbelllab.web.illinois.edu/people/,Alison Bell
1,https://beckman.illinois.edu/contact/directory/LastName/a/, a 
1,https://beckman.illinois.edu/contact/directory/LastName/b/, b 
1,https://beckman.illinois.edu/contact/directory/LastName/c/, c 
1,https://beckman.illinois.edu/contact/directory/LastName/d/, d 
1,https://beckman.illinois.edu/contact/directory/LastName/e/, e 
1,https://beckman.illinois.edu/contact/directory/LastName/f/, f 
1,https://beckman.illinois.edu/contact/directory/LastName/g/, g 
1,https://beckman.illinois.edu/contact/directory/LastName/h/, h 
1,https://beckman.illinois.edu/contact/directory/LastName/i/, i 
1,https://beckman.illinois.edu/contact/directory/LastName/j/, j 
1,https://beckman.illinois.edu/contact/directory/LastName/k/, k 
1,https://beckman.illinois.edu/contact/directory/LastName/l/, l 
1,https://beckman.illinois.edu/contact/directory/LastName/m/, m 
1,https://beckman.illinois.edu/contact/directory/LastName/n/, n 
1,https://mcb.illinois.edu/faculty/profile/jongsook/,Jongsook Kim Kemper
1,https://beckman.illinois.edu/research/conduct-research-at-beckman/become-a-beckman-faculty-member,Become a Beckman faculty member
1,https://beckman.illinois.edu/contact/directory/LastName/o/, o 
1,https://beckman.illinois.edu/contact/directory/LastName/p/, p 
1,https://beckman.illinois.edu/contact/directory/LastName/q/, q 
1,https://beckman.illinois.edu/contact/directory/LastName/r/, r 
1,https://beckman.illinois.edu/contact/directory/LastName/s/, s 
1,https://beckman.illinois.edu/contact/directory/LastName/t/, t 
1,https://beckman.illinois.edu/contact/directory/LastName/u/, u 
1,https://beckman.illinois.edu/contact/directory/LastName/v/, v 
1,https://beckman.illinois.edu/contact/directory/LastName/w/, w 
1,https://beckman.illinois.edu/contact/directory/LastName/x/, x 
1,https://beckman.illinois.edu/contact/directory/LastName/y/, y 
1,https://beckman.illinois.edu/contact/directory/LastName/z/, z 
1,https://beckman.illinois.edu/contact/directory/Group/Neuro%20Prg/, Neuroscience Program 
1,https://beckman.illinois.edu/contact/directory/Group/Admin/, Administration 
1,https://beckman.illinois.edu/contact/directory/Group/ADA/, Associate Director for Administration 
1,https://beckman.illinois.edu/contact/directory/Group/ADR/, Associate Director for Research 
1,https://beckman.illinois.edu/contact/directory/Group/Attendants/, Attendants 
1,https://beckman.illinois.edu/contact/directory/Group/BusAff/, Business Affairs 
1,https://beckman.illinois.edu/contact/directory/Group/Communications/, Communications Office 
1,https://beckman.illinois.edu/contact/directory/Group/Director/, Director's Office 
1,https://beckman.illinois.edu/contact/directory/Group/Facilities/, Facilities 
1,https://beckman.illinois.edu/contact/directory/Group/Facilities%20and%20Services/, Facilities and Services 
1,https://beckman.illinois.edu/contact/directory/Group/HR/, Human Resources 
1,https://beckman.illinois.edu/contact/directory/Group/ITS/, Information Technology Services 
1,https://beckman.illinois.edu/contact/directory/Group/MicSuite/, Microscopy Suite 
1,https://beckman.illinois.edu/contact/directory/Group/IntelSys,View the full list
1,https://beckman.illinois.edu/contact/directory/Group/MSE,View the full list
1,https://beckman.illinois.edu/contact/directory/Group/II,View the full list
1,https://beckman.illinois.edu/contact/directory/Group/SS/, Research Group Support Staff 
1,https://beckman.illinois.edu/contact/directory/Group/Security/, Security 
1,https://beckman.illinois.edu/contact/directory/Group/Receiv/, Shipping and Receiving 
1,https://beckman.illinois.edu/contact/directory/Group/Cafe/, The Beckman Institute Cafe 
1,https://beckman.illinois.edu/contact/directory/Group/VizLab/, Visualization Laboratory 
1,https://beckman.illinois.edu/contact/directory/Group/BIC/, Biomedical Imaging Center 
1,https://beckman.illinois.edu/contact/directory/Group/ITG/, Imaging Technology Group 
1,https://beckman.illinois.edu/contact/directory/Group/21CS/, 21st Century Scientists 
1,https://beckman.illinois.edu/contact/directory/Group/AMS/, Autonomous Materials Systems 
1,https://beckman.illinois.edu/contact/directory/Group/Fellows/, Beckman Institute Fellows 
1,https://beckman.illinois.edu/contact/directory/Group/Grad%20Fellows/, Beckman Institute Graduate Fellows 
1,https://beckman.illinois.edu/contact/directory/Group/Postdoctoral%20Fellows/, Beckman Institute Postdoctoral Fellows 
1,https://beckman.illinois.edu/contact/directory/Group/Senior%20Fellows/, Beckman Institute Senior Fellows 
1,https://beckman.illinois.edu/contact/directory/Group/B-BIPF/, Beckman-Brown Interdisciplinary Postdoctoral Fellows 
1,https://beckman.illinois.edu/contact/directory/Group/CFH-BI%20Fellows/, Carle Foundation Hospital - Beckman Institute Fellows 
1,https://beckman.illinois.edu/contact/directory/Group/CaMF/, Cellular and Molecular Foundations of Intelligent Behavior 
1,https://beckman.illinois.edu/contact/directory/Group/CNTRS/, Centers 
1,https://beckman.illinois.edu/contact/directory/Group/CEHRC/, Children's Environmental Health Research Center 
1,https://beckman.illinois.edu/contact/directory/Group/CLEAR/," Cognition, Lifespan Engagement, Aging, and Resilience "
1,https://beckman.illinois.edu/contact/directory/Group/CompIm/, Computational Imaging 
1,https://beckman.illinois.edu/contact/directory/Group/CMS/, Computational Molecular Science 
1,https://beckman.illinois.edu/contact/directory/Group/EVIT/, Extracellular Vesicle Imaging and Therapy 
1,https://beckman.illinois.edu/contact/directory/Group/ILLI/, Illinois Language and Literacy Initiative 
1,https://beckman.illinois.edu/contact/directory/Group/II/, Integrative Imaging 
1,https://beckman.illinois.edu/contact/directory/Group/ILP/," Intelligence, Learning, and Plasticity "
1,https://beckman.illinois.edu/contact/directory/Group/IntelSys/, Intelligent Systems 
1,https://beckman.illinois.edu/contact/directory/Group/MOCC/, Mechanisms of Cognitive Control 
1,https://beckman.illinois.edu/contact/directory/Group/MDE/, Molecular Design and Engineering 
1,https://beckman.illinois.edu/contact/directory/Group/MSE/, Molecular Science and Engineering 
1,https://beckman.illinois.edu/contact/directory/Group/MVI/, Multimodal Vascular Imaging 
1,https://beckman.illinois.edu/contact/directory/Group/NMC/, Neurotechnology for Memory and Cognition 
1,https://beckman.illinois.edu/contact/directory/Group/OCI/, Organizational Intelligence and Computational Social Science 
1,https://beckman.illinois.edu/contact/directory/Group/PAI/, Photoacoustic Imaging 
1,https://beckman.illinois.edu/contact/directory/Group/RON/, Radio-Opto-Nano 
1,https://beckman.illinois.edu/contact/directory/Group/SEW/, Social and Emotional Dimensions of Well-Being 
1,https://beckman.illinois.edu/contact/directory/Group/BISI/, Strategic Initiatives 
1,https://beckman.illinois.edu/contact/directory/Group/TCB/, Theoretical and Computational Biophysics 
1,https://beckman.illinois.edu/contact/directory/Group/TMHGF/, Thomas and Margaret Huang Graduate Fellow 
1,https://beckman.illinois.edu/contact/directory/Group/VCRU/, VCRI Units 
1,http://www.asianam.illinois.edu/people/anpaik,A. Naomi Paik
1,https://art.illinois.edu/index.php/people/faculty-staff/54-melissa-pokorny,Melissa Pokorny
1,https://music.illinois.edu/faculty/julie-gunn,Julie Gunn
1,https://music.illinois.edu/faculty/christina-bashford,Christina Bashford
1,https://landarch.illinois.edu/faculty/mary-pat-mcguire-rla/,Mary Pat McGuire
1,https://kam.illinois.edu/exhibition/2019-school-art-design-faculty-exhibition,School of Art and Design Faculty Exhibition
1,https://arch.illinois.edu/faculty/marci-s-uihlein-pe,Marci Uihlein
1,https://beckman.illinois.edu/research/conduct-research-at-beckman/become-a-beckman-faculty-member/beckman-policies-for-faculty-members,Beckman policies for faculty members
1,https://beckman.illinois.edu/about/for-beckman-faculty-staff/business-office/grant-proposal-and-submission-faq,Read the grant proposal FAQ
1,https://beckman.illinois.edu/about/news/article/2020/11/10/dariotis-joins-beckman-as-faculty-affiliate, 
1,https://beckman.illinois.edu/about/news/article/2020/11/10/gritton-is-new-faculty-affiliate-at-beckman, 
1,https://beckman.illinois.edu/about/news/article/2020/10/29/sychterz-is-new-faculty-affiliate-at-beckman, 
1,https://ischool.illinois.edu/people/victoria-stodden,Victoria Stodden
1,https://arch.illinois.edu/faculty/benjamin-bross-phd,Benjamin Bross
1,https://art.illinois.edu/index.php/people/faculty-staff/49-deke-weaver,Deke Weaver
1,https://arch.illinois.edu/faculty/sara-bartumeus-ferre,Sara Bartumeus
1,https://dance.illinois.edu/people/faculty/laura-chiaramonte,Laura Chiaramonte
1,http://www.english.illinois.edu/people/dean,Tim Dean
1,https://art.illinois.edu/index.php/people/faculty-staff/30-terri-weissman,Terri Weissman
1,https://music.illinois.edu/faculty/michael-silvers,Michael Silvers
1,https://music.illinois.edu/faculty/nathan-gunn,Nathan
1,https://matse.illinois.edu/people,People
1,https://matse.illinois.edu/people/faculty,All Faculty
1,https://matse.illinois.edu/people/faculty/adjuncts-and-affiliates,Adjuncts and Affiliates
1,https://matse.illinois.edu/people/faculty/lecturers,Lecturers
1,https://matse.illinois.edu/people/faculty/emeritus-faculty,Emeritus Faculty
1,https://matse.illinois.edu/people/staff,Staff
1,https://matse.illinois.edu/people/staff/staff-listing,Staff Listing
1,https://matse.illinois.edu/people/staff/service-areas-and-offices,Service Areas and Offices
1,https://beckman.illinois.edu/contact/directory/Group/ADR,Beckman's research enterprise
1,https://physics.illinois.edu/people/directory/profile/gammie,Charles Gammie
1,https://physics.illinois.edu/people/directory/profile/aleggett,Anthony Leggett
1,https://beckman.illinois.edu/about/for-beckman-faculty-staff/information-technology-services/customer-support,ITS customer support
1,https://beckman.illinois.edu/about/for-beckman-faculty-staff/information-technology-services/network-file-storage,Network file storage
1,https://beckman.illinois.edu/about/for-beckman-faculty-staff/information-technology-services/printing-copying-scanning,"Printing, copying, & scanning"
1,https://beckman.illinois.edu/about/for-beckman-faculty-staff/information-technology-services/printer-installation-instructions,Printer installation instructions
1,https://beckman.illinois.edu/about/for-beckman-faculty-staff/information-technology-services/illinois-campus-cluster-program,Illinois Campus Cluster Program
1,http://www.english.illinois.edu/people/gdwood,Gillen D’Arcy Wood
1,https://iprh.illinois.edu/about/people/index.html,Antoinette Burton
1,https://law.illinois.edu/faculty-research/faculty-profiles/eric-t-freyfogle/,Eric Freyfogle
1,https://law.illinois.edu/faculty-research/faculty-profiles/colleen-murphy/,Colleen Murphy
1,https://law.illinois.edu/faculty-research/faculty-profiles/jason-mazzone/,Jason Mazzone
1,http://socialwork.illinois.edu/faculty-staff/kevin-tan/?doing_wp_cron=1591627867.4448430538177490234375,Kevin Tan
1,https://ischool.illinois.edu/people/melissa-wong,Melissa Wong
1,https://education.illinois.edu/faculty/mary-kalantzis,Mary Kalantzis
1,https://education.illinois.edu/faculty/bill-cope,Bill Cope
1,https://education.illinois.edu/faculty/michaelene-ostrosky,Michaelene M. Ostrosky
1,https://education.illinois.edu/faculty/meghan-burke,Meghan Burke
1,http://socialwork.illinois.edu/faculty-staff/kevin-tan/,Kevin Tan
1,https://education.illinois.edu/faculty/jennifer-delaney,Jennifer A. Delaney
1,http://faculty.las.illinois.edu/rshosted/ne%C5%A1ili.html,class in Hittite
1,https://occrl.illinois.edu/contact-us/contact-information,Contact Information
1,https://ischool.illinois.edu/people/ian-brooks,Ian Brooks
1,https://beckman.illinois.edu/contact/directory/Person/jsmoore/,Jeffrey S. Moore
1,https://dance.illinois.edu/people/faculty/cynthia-oliver,Cynthia Oliver
1,https://law.illinois.edu/faculty-research/faculty-profiles/aronson-lauren-r/,Lauren R. Aronson
1,https://education.illinois.edu/people/raya-hegemandavis,Raya Hegeman-Davis
1,https://education.illinois.edu/faculty/h-chad-lane,H. Chad Lane
1,https://socialwork.illinois.edu/faculty-staff/min-zhan/,Min Zhan
1,https://ece.illinois.edu/about/directory/faculty/n-ahuja,Narendra Ahuja
1,https://ece.illinois.edu/about/directory/faculty/boses,Subhonmesh Bose
1,https://cs.illinois.edu/about/people/faculty/namato,Nancy Amato
1,https://cs.illinois.edu/about/people/faculty/lrs,Lui Sha
1,https://mechanical.illinois.edu/directory/faculty/mehtapg,Prashant Mehta
1,https://ece.illinois.edu/about/directory/faculty/rsrikant,Rayadurgam Srikant
1,https://cs.illinois.edu/about/people/faculty/warnow,Tandy Warnow
1,https://mechanical.illinois.edu/directory/faculty/htj,Harley Johnson
1,https://provost.illinois.edu/awards/campus-awards-honors/campus-awards-for-excellence-in-faculty-leadership/,website
1,https://www.geology.illinois.edu/people/fouke/,Bruce W. Fouke
1,http://socialwork.illinois.edu/faculty-staff/kate-wegmann/,Kate M. Wegmann
1,http://socialwork.illinois.edu/faculty-staff/min-zhan/,Min Zhan
1,https://education.illinois.edu/faculty/denice-hood,Denice Ward Hood
1,http://www.english.illinois.edu/people/jharr,Janice Harrington
1,http://www.afro.illinois.edu/people/rwbailey,Ronald Bailey
1,http://www.anthro.illinois.edu/people/malhi,Ripan Malhi
1,http://mcb.illinois.edu/faculty/profile/908,Phillip A. Newmark
1,https://education.illinois.edu/faculty/kiel,Kiel Christianson
1,https://cancer.illinois.edu/people/steering-committee#main-content, Skip to main content 
1,https://cancer.illinois.edu/people/stephen-boppart," Stephen A. Boppart Program Leader, Cancer Measurement Technology Professor, Electrical and Computer Engineering; Professor, Bioengineering "
1,https://cancer.illinois.edu/people/brian-cunningham," Brian Cunningham Program Leader, Cancer Measurement Technology Professor, Electrical and Computer Engineering; Professor, Bioengineering "
1,https://cancer.illinois.edu/people/timothy-m-fan," Timothy M. Fan Program Leader, Cancer Discovery Platforms Professor, Veterinary Clinical Medicine "
1,https://cancer.illinois.edu/people/h-rex-gaskins," H. Rex Gaskins Associate Director for Education Professor, Animal Sciences "
1,https://cancer.illinois.edu/people/leadership-and-ccil-staff#main-content, Skip to main content 
1,https://education.illinois.edu/faculty/rsantos,Rosa Milagros Santos
1,https://education.illinois.edu/faculty/ezamanig,Eboni Zamani-Gallaher
1,http://socialwork.illinois.edu/faculty-staff/min-zhan/?doing_wp_cron=1532974279.8997690677642822265625,Min Zhan
1,https://cancer.illinois.edu/people/brendan-harley," Brendan Harley Program Leader, Cancer Discovery Platforms Professor, Chemical and Biomolecular Engineering "
1,https://cancer.illinois.edu/people/paul-j-hergenrother, Paul J. Hergenrother Deputy Director 
1,https://cancer.illinois.edu/people/joseph-irudayaraj," Joseph Irudayaraj Associate Director for Shared Resources Professor, Bioengineering "
1,https://mcb.illinois.edu/faculty/profile/rivier/,David Rivier
1,https://cancer.illinois.edu/people/rohit-bhargava," Rohit Bhargava Director Professor, Bioengineering "
1,https://education.illinois.edu/people/ana-olguin,Ana Olguin
1,https://socialwork.illinois.edu/faculty-staff/chi-fang-wu/,Chi-Fang Wu
1,https://npre.illinois.edu/people/profile/bmeline,Becky Meline
1,https://cancer.illinois.edu/people/margaret-browne-huntt, Margaret Browne Huntt Assistant Director for Strategic Research Initiatives Chief Diversity Officer 
1,https://cancer.illinois.edu/people/jason-butler, Jason Butler Assistant Director for Finance and Resource Planning 
1,https://cancer.illinois.edu/people/nibedita-chakraborty, Nibedita Chakraborty Research Development Coordinator 
1,https://cancer.illinois.edu/people/andrea-fain, Andréa Fain Assistant to the Director 
1,https://cancer.illinois.edu/people/jordan-goebig, Jordan Goebig Communications Coordinator 
1,https://cancer.illinois.edu/people/tor-w-jensen, Tor W. Jensen Biomedical Research Laboratory Director 
1,https://cancer.illinois.edu/people/amber-lannert, Amber Lannert Senior Director of Advancement 
1,https://cancer.illinois.edu/people/james-mcgraw-0, James McGraw Lab Administrator 
1,https://cancer.illinois.edu/people/liudmila-mila-mirica," Liudmila ""Mila"" Mirica Assistant Director for Research Budget and Data Analytics "
1,https://cancer.illinois.edu/people/marcia-marci-pool," Marcia ""Marci"" Pool Assistant Director for Education "
1,https://cancer.illinois.edu/people/barry-schatz, Barry Schatz Associate Director for Administration 
1,https://cancer.illinois.edu/people/cathy-tingley, Cathy Tingley Administrative Assistant 
1,https://cancer.illinois.edu/people/hui-xu, Hui Xu Research Coordinator for TEP Shared Resource 
1,https://cancer.illinois.edu/people/huimin-zhang," Huimin Zhang Laboratory Research Technician, TEP Shared Resource "
1,https://cancer.illinois.edu/people/crag-members#main-content, Skip to main content 
1,https://cancer.illinois.edu/people/mark-anastasio,Mark Anastasio
1,https://cancer.illinois.edu/people/aleksei-aksimentiev,Aleksei Aksimentiev
1,https://cancer.illinois.edu/people/jiawei-han,Jiawei Han
1,https://cancer.illinois.edu/people/rashid-bashir,Rashid Bashir
1,https://cancer.illinois.edu/people/olgica-milenkovic,Olgica Milenkovic
1,https://cancer.illinois.edu/people/jian-peng,Jian Peng
1,https://cancer.illinois.edu/people/sarah-adams, Sarah Adams 
1,https://cancer.illinois.edu/people/kelly-bradham, Kelly Bradham 
1,https://cancer.illinois.edu/people/kathleen-hug, Kathleen Hug 
1,https://cancer.illinois.edu/people/susan-keller, Susan Keller 
1,https://cancer.illinois.edu/people/zeynep-madak-erdogan," Zeynep Madak-Erdogan Associate Professor, Food Science and Human Nutrition "
1,https://cancer.illinois.edu/people/crystal-reinhart, Crystal Reinhart 
1,https://cancer.illinois.edu/people/james-roll, James Roll 
1,https://cancer.illinois.edu/people/sue-stewart, Sue Stewart 
1,https://cancer.illinois.edu/people/renae-strawbridge, Renaé Strawbridge 
1,https://cancer.illinois.edu/people/michelle-shelley-barton-phd," Michelle (Shelley) Barton, PhD "
1,https://www.igb.illinois.edu/people#main-content, Skip to main content 
1,https://cancer.illinois.edu/people/wawrzyniec-dobrucki,Wawrzyniec Dobrucki
1,https://cancer.illinois.edu/people/sandra-rodriguez-zas,Sandra Rodriguez-Zas
1,https://cancer.illinois.edu/people/viktor-gruev,Viktor Gruev
1,https://cancer.illinois.edu/people/paul-ja-kenis,Paul Kenis
1,https://cancer.illinois.edu/people/diwakar-shukla,Diwakar Shukla
1,https://cancer.illinois.edu/people/michael-f-insana,Michael Insana
1,https://cancer.illinois.edu/people/t-kesavadas,Thenkurussi Kesavadas
1,https://cancer.illinois.edu/people/saurabh-sinha,Saurabh Sinha
1,https://cancer.illinois.edu/people/john-katzenellenbogen,John Katzenellenbogen
1,https://cancer.illinois.edu/people/cecilia-leal,Cecilia Leal
1,https://cancer.illinois.edu/people/jun-song,Jun Song
1,https://cancer.illinois.edu/people/king-li,King Li
1,https://cancer.illinois.edu/people/yi-lu,Yi Lu
1,https://cancer.illinois.edu/people/emad-tajkhorshid,Emad Tajkhorshid
1,https://cancer.illinois.edu/people/hua-li,Hua Li
1,https://cancer.illinois.edu/people/catherine-murphy,Catherine Murphy
1,http://www2.igb.illinois.edu/people,IGB members
1,https://cancer.illinois.edu/people/otis-brawley-md," Otis Brawley, MD "
1,https://cancer.illinois.edu/people/steven-clinton-md," Steven Clinton, MD "
1,https://cancer.illinois.edu/people/robert-diasio-md," Robert Diasio, MD "
1,https://cancer.illinois.edu/people/megan-kilbane-mba," Megan Kilbane, MBA "
1,https://cancer.illinois.edu/people/richard-levenson-md," Richard Levenson, MD "
1,https://cancer.illinois.edu/people/edison-liu-md," Edison Liu, MD Chair "
1,https://cancer.illinois.edu/people/milan-mrksich-phd," Milan Mrksich, PhD "
1,https://cancer.illinois.edu/people/timothy-ratliff-phd," Timothy Ratliff, PhD "
1,https://cancer.illinois.edu/people/barbara-vance-phd-cra," Barbara Vance, PhD, CRA "
1,https://cancer.illinois.edu/people/denis-wirtz-phd," Denis Wirtz, PhD "
1,https://cancer.illinois.edu/people/k-dane-wittrup-phd," K. Dane Wittrup, PhD "
1,https://cancer.illinois.edu/people/milan-bagchi, Milan Bagchi 
1,https://www.igb.illinois.edu/people/eab#eab,External Advisory Members
1,https://www.igb.illinois.edu/people/new-arrivals,New Arrivals
1,https://www.igb.illinois.edu/people/a,A
1,https://www.igb.illinois.edu/people/b,B
1,https://www.igb.illinois.edu/people/c,C
1,https://www.igb.illinois.edu/people/d,D
1,https://www.igb.illinois.edu/people/e,E
1,https://www.igb.illinois.edu/research-areas/gsecenter/people,People
1,https://cancer.illinois.edu/people/tandy-warnow,Tandy Warnow
1,https://cancer.illinois.edu/people/zhi-pei-liang,Zhi-Pei Liang
1,https://cancer.illinois.edu/people/pablo-perez-pinera,Pablo Perez-Pinera
1,https://cancer.illinois.edu/people/sihai-zhao,Sihai Zhao
1,https://cancer.illinois.edu/people/ling-jian-meng,Ling Jian Meng
1,https://cancer.illinois.edu/people/taher-saif,Taher Saif
1,https://cancer.illinois.edu/people/shuming-nie,Shuming Nie
1,https://cancer.illinois.edu/people/andrew-smith,Andrew Smith
1,https://cancer.illinois.edu/people/michael-l-oelze,Michael Oelze
1,https://cancer.illinois.edu/people/ning-wang,Ning Wang
1,https://cancer.illinois.edu/people/gabriel-popescu-0,Gabriel Popescu
1,https://cancer.illinois.edu/people/paul-selvin,Paul Selvin
1,https://cancer.illinois.edu/people/pengfei-song,Pengfei Song
1,https://cancer.illinois.edu/people/sayeepriyadarshini-anakk,Sayeepriyadarshini Anakk
1,https://cancer.illinois.edu/people/jianjun-cheng,Jianjun Cheng
1,https://cancer.illinois.edu/people/jie-chen,Jie Chen
1,https://cancer.illinois.edu/people/aditi-das,Aditi Das
1,https://cancer.illinois.edu/people/antoinette-burton, Antoinette Burton 
1,https://cancer.illinois.edu/people/neal-cohen, Neal Cohen 
1,https://cancer.illinois.edu/people/william-bill-gropp, William (Bill) Gropp 
1,https://cancer.illinois.edu/people/jeffrey-moore, Jeffrey Moore 
1,https://cancer.illinois.edu/people/gene-robinson, Gene Robinson 
1,https://cancer.illinois.edu/people/jonathan-sweedler, Jonathan Sweedler 
1,https://www.igb.illinois.edu/people/f,F
1,https://www.igb.illinois.edu/people/g,G
1,https://www.igb.illinois.edu/people/h,H
1,https://www.igb.illinois.edu/people/i,I
1,https://www.igb.illinois.edu/people/j,J
1,https://www.igb.illinois.edu/people/k,K
1,https://www.igb.illinois.edu/people/l,L
1,https://www.igb.illinois.edu/people/m,M
1,https://www.igb.illinois.edu/people/n,N
1,https://www.igb.illinois.edu/people/o,O
1,https://www.igb.illinois.edu/people/p,P
1,https://www.igb.illinois.edu/people/q,Q
1,https://www.igb.illinois.edu/people/r,R
1,https://www.igb.illinois.edu/people/s,S
1,https://www.igb.illinois.edu/people/t,T
1,https://cancer.illinois.edu/people/jodi-flaws,Jodi Flaws
1,https://cancer.illinois.edu/people/hyunjoon-kong,Hyunjoon Kong
1,https://cancer.illinois.edu/people/brian-c-freeman,Brian Freeman
1,https://cancer.illinois.edu/people/david-kranz,David Kranz
1,https://cancer.illinois.edu/people/deborah-leckband,Deborah Leckband
1,https://cancer.illinois.edu/people/douglas-mitchell,Douglas Mitchell
1,https://cancer.illinois.edu/people/jeffrey-moore-0,Jeffrey Moore
1,https://cancer.illinois.edu/people/raven-huang,Raven Huang
1,https://cancer.illinois.edu/people/david-sarlah,David Sarlah
1,https://cancer.illinois.edu/people/lawrence-schook,Lawrence Schook
1,https://cancer.illinois.edu/people/hong-jin,Hong Jin
1,https://cancer.illinois.edu/people/david-j-shapiro,David Shapiro
1,https://cancer.illinois.edu/people/kimberly-selting,Kimberly Selting
1,https://www.igb.illinois.edu/people/u,U
1,https://www.igb.illinois.edu/people/v,V
1,https://www.igb.illinois.edu/people/w,W
1,https://www.igb.illinois.edu/people/y,Y
1,https://www.igb.illinois.edu/people/z,Z
1,https://www.igb.illinois.edu/people/admin,Administrative Directory
1,https://www.igb.illinois.edu/people/abbreviations,Theme Directory
1,https://www.igb.illinois.edu/people/alpha/all,List of all IGB people on one page
1,https://directory.illinois.edu/search?search_type=staff&firstName=m*&la%E2%80%A6,"Alam, Tauqeer "
1,https://www.igb.illinois.edu/article/faculty-receive-three-nsf-rapid-grants-covid-19-testing, 
1,https://cancer.illinois.edu/people/auinash-kalsotra,Auinash Kalsotra
1,https://cancer.illinois.edu/people/stephen-g-sligar,Stephen Sligar
1,https://cancer.illinois.edu/people/rebecca-smith,Rebecca Smith
1,https://cancer.illinois.edu/people/michael-j-spinella,Michael Spinella
1,https://cancer.illinois.edu/people/gregory-underhill,Gregory Underhill
1,https://cancer.illinois.edu/people/benita-katzenellenbogen,Benita Katzenellenbogen
1,https://cancer.illinois.edu/people/steven-zimmerman,Steven Zimmerman
1,https://cancer.illinois.edu/people/jongsook-kim-kemper,Jongsook Kim Kemper
1,https://cancer.illinois.edu/people/satish-nair,Satish Nair
1,https://cancer.illinois.edu/people/erik-nelson,Erik Nelson
1,https://cancer.illinois.edu/people/supriya-prasanth,Supriya Prasanth
1,https://cancer.illinois.edu/people/erik-procko,Erik Procko
1,https://cancer.illinois.edu/people/jason-ridlon,Jason Ridlon
1,https://cancer.illinois.edu/people/kevin-chen-chuan-chang," Kevin Chen-Chuan Chang Professor, Computer Science "
1,http://www.life.illinois.edu/entomology/faculty/allan.html,"Allan, Brian F. "
1,http://mechanical.illinois.edu/directory/faculty/alleyne,"Alleyne, Andrew G. "
1,https://cancer.illinois.edu/people/kannanganattu-prasanth," Kannanganattu Prasanth Associate Professor, Cell and Developmental Biology "
1,https://cancer.illinois.edu/people/hua-wang," Hua Wang Assistant Professor, Materials Science and Engineering "
1,https://law.illinois.edu/faculty-research/faculty-profiles/robert-m-lawless/,Robert M. Lawless
1,https://mechanical.illinois.edu/people/faculty,Faculty
1,https://mechanical.illinois.edu/people/named-appointments,Named Appointments
1,https://mechanical.illinois.edu/people/staff,Staff
1,https://mechanical.illinois.edu/people/graduate-students,Graduate Students
1,https://mechanical.illinois.edu/people/postdocs,Postdocs
1,http://art.illinois.edu/index.php/people/337-lisa-mercer,Lisa Mercer
1,http://art.illinois.edu/index.php/people/37-william-bullock,William Bullock
1,https://education.illinois.edu/faculty/rginsbur,Rebecca Ginsburg
1,https://mechanical.illinois.edu/undergraduate/undergraduate-blogs/oh-people-you%E2%80%99ll-know,"Oh, the People You’ll Know!"
1,https://physics.illinois.edu/people/diversity_equity_inclusion,Equity
1,https://physics.illinois.edu/people/directory/profile/dimer#content,skip to main content
1,https://mcb.illinois.edu/faculty/profile/enels/,Erik R. Nelson
1,https://mcb.illinois.edu/faculty/profile/kumarp/,Prasanth K. Kannanganattu
1,https://mcb.illinois.edu/faculty/profile/kalsotra/,Auinash Kalsotra
1,https://mcb.illinois.edu/faculty/profile/procko,Erik Procko
1,https://mcb.illinois.edu/faculty/profile/lfchen/,Lin-Feng Chen
1,https://physics.illinois.edu/people/directory/profile/songj,Jun Song
1,https://cancer.illinois.edu/news-events/events/faculty-seminar-series,Faculty Seminar Series
1,https://mechanical.illinois.edu/graduate/applying-mechse-graduate-programs/find-faculty-research-area,Find Faculty by Research Area
1,https://mcb.illinois.edu/faculty/profile/hjin/,Hong Jin
1,https://education.illinois.edu/faculty/jrounds,James Rounds
1,http://www.psychology.illinois.edu/people/dabriley,Daniel A. Briley
1,https://www.igb.illinois.edu/article/two-igb-faculty-members-elected-aaas-fellows#main-content, Skip to main content 
1,https://education.illinois.edu/faculty/ahund,Anita Hund
1,https://www.igb.illinois.edu/index.php/people/new-arrivals,New Arrivals
1,https://www.igb.illinois.edu/igb-calendar/igb-faculty-spotlight-lecture-6,
1,https://mechanical.illinois.edu/student-experience/our-women-faculty,Our Women Faculty
1,https://physics.illinois.edu/people,People
1,https://physics.illinois.edu/people/directory/?t=of#group95,Undergraduate Office
1,https://physics.illinois.edu/people/directory/?t=of#group86,Graduate Office
1,https://physics.illinois.edu/people/directory/?t=of#group2021,Administration
1,https://physics.illinois.edu/people/diversity_equity_inclusion_women,Women in Physics
1,https://physics.illinois.edu/people/excellent-teachers/,Excellent Teachers
1,https://physics.illinois.edu/people/excellent-teachers/ranked-as-excellent.asp,Ranked as Excellent
1,https://physics.illinois.edu/people/excellent-teachers/nordsieck-award.asp,Nordsieck Award
1,https://physics.illinois.edu/people/excellent-teachers/davis-award.asp,Davis Award
1,https://physics.illinois.edu/people/history/,History
1,https://physics.illinois.edu/people/nobel-laureates.html,Nobel Laureates
1,https://physics.illinois.edu/people/honors-and-awards/,Honors & Awards
1,https://physics.illinois.edu/people/honors-and-awards/undergraduate-awards.asp,Undergraduate Awards
1,https://physics.illinois.edu/people/honors-and-awards/graduate-awards.asp,Graduate Awards
1,https://physics.illinois.edu/people/honors-and-awards/bardeen-prize,Bardeen Prize
1,https://physics.illinois.edu/people/honors-and-awards/mcmillan-award,McMillan Award
1,https://physics.illinois.edu/people/honors-and-awards/gary-kelly-staff-excellence-award,Gary Kelly Staff Excellence Award
1,https://physics.illinois.edu/people/memorials,In Memoriam
1,https://physics.illinois.edu/people/memorials/daniel-alpert,Daniel J. Alpert
1,https://physics.illinois.edu/people/memorials/22130,Ansel C. Anderson
1,https://physics.illinois.edu/people/memorials/axel,Peter Axel
1,https://physics.illinois.edu/people/memorials/bardeen,John Bardeen
1,https://physics.illinois.edu/people/memorials/bartlett,James Holley Bartlett
1,https://mechanical.illinois.edu/faculty-openings,Faculty Openings
1,https://physics.illinois.edu/people/memorials/bob-clegg,Robert M. Clegg
1,https://chemistry.illinois.edu/spotlight/faculty/drickamer-harry-g-1918-2002,Harry Drickamer
1,https://physics.illinois.edu/people/memorials/22135,Bob I. Eisenstein
1,https://physics.illinois.edu/people/memorials/l-eisenstein,Laura B. Eisenstein
1,https://physics.illinois.edu/people/memorials/flynn,C. Peter Flynn
1,https://physics.illinois.edu/people/memorials/ginsberg,Donald M. Ginsberg
1,https://physics.illinois.edu/people/memorials/20969,"Edwin L. ""Ned"" Goldwasser"
1,https://physics.illinois.edu/people/memorials/22132,Andrew V. Granato
1,https://physics.illinois.edu/people/memorials/handler,Paul Handler
1,https://physics.illinois.edu/people/memorials/hanson,Alfred O. Hanson
1,https://physics.illinois.edu/people/memorials/24474,Alfred Wilhelm Hubler
1,https://physics.illinois.edu/people/memorials/l-jones,Lorella M. Jones
1,https://physics.illinois.edu/people/memorials/22136,Leo P. Kadanoff
1,https://physics.illinois.edu/people/memorials/koehler,James S. Koehler
1,https://physics.illinois.edu/people/memorials/kruse,Ulrich E. Kruse
1,https://physics.illinois.edu/people/memorials/lavatelli,Leo S. Lavatelli
1,https://physics.illinois.edu/people/memorials/david-lazarus,David Lazarus
1,https://physics.illinois.edu/people/memorials/loomis,Francis Wheeler Loomis
1,https://physics.illinois.edu/people/memorials/lyman,Ernest M. Lyman
1,https://physics.illinois.edu/people/memorials/22137,Dillon E. Mapother
1,https://socialwork.illinois.edu/faculty-staff/kevin-tan/,Kevin Tan
1,http://socialwork.illinois.edu/faculty-staff/douglas-smith/?doing_wp_cron=1596645329.3917620182037353515625,Douglas C. Smith
1,https://physics.illinois.edu/people/memorials/maurer,Robert J. Maurer
1,https://physics.illinois.edu/people/memorials/mcmillan,William L. McMillan
1,https://physics.illinois.edu/people/memorials/22134,Thomas A. O'Halloran
1,https://physics.illinois.edu/people/memorials/pandharipande,Vijay R. Pandharipande
1,https://physics.illinois.edu/people/memorials/27512,David Pines
1,https://physics.illinois.edu/people/memorials/robinson,Clark S. Robinson
1,https://physics.illinois.edu/people/memorials/satterthwaite,Cameron B. Satterthwaite
1,https://physics.illinois.edu/people/memorials/24971,J. Robert Schrieffer
1,https://physics.illinois.edu/people/memorials/24425,Klaus J. Schulten
1,https://physics.illinois.edu/people/memorials/seitz,Frederick Seitz
1,https://physics.illinois.edu/people/memorials/charles-slichter,Charles P. Slichter
1,https://physics.illinois.edu/people/memorials/24426,Harvey J. Stapleton
1,https://physics.illinois.edu/people/memorials/19269,Jeremiah Sullivan
1,https://physics.illinois.edu/people/memorials/wattenberg,Albert Wattenberg
1,https://physics.illinois.edu/people/memorials/36967,James E. Wiss
1,https://physics.illinois.edu/people/memorials/wyld,William Wyld
1,https://physics.illinois.edu/people/physics-advisory-board,Physics Advisory Board
1,https://physics.illinois.edu/people/job-openings.asp,Job Openings
1,http://socialwork.illinois.edu/faculty-staff/lissette-piedra/?doing_wp_cron=1419784226.5711851119995117187500,Lissette Piedra
1,https://law.illinois.edu/faculty-research/faculty-profiles/jacob-s-sherkow/,Jacob S. Sherkow
1,https://beckman.illinois.edu/contact/directory/Person/zwillin1/,Christopher Zwilling
1,http://people.physics.illinois.edu/Phillips/index.htm,"Books, Talks, and Classes Taught"
1,https://physics.illinois.edu/people/,People
1,https://physics.illinois.edu/people/directory/profile/eckstein,James Eckstein
1,https://ece.illinois.edu/about/directory/faculty/mllee,Minjoo Larry Lee
1,https://mechanical.illinois.edu/directory/faculty/nwangrw,Ning Wang
1,http://www.psychology.illinois.edu/people/bwrobrts,Brent Roberts
1,https://ece.illinois.edu/about/directory/faculty/bcunning,Brian Cunningham
1,https://mechanical.illinois.edu/directory/faculty/wpk,Bill King
1,https://education.illinois.edu/faculty/meghanbm,Meghan Burke
1,https://www.igb.illinois.edu/people/employment-opportunities#main-content, Skip to main content 
1,http://www.med.illinois.edu/FacultyDev/,Faculty Development
1,https://socialwork.illinois.edu/faculty-staff/lissette-piedra/,Lissette M. Piedra
1,https://ischool.illinois.edu/people/masooda-bashir,Masooda Bashir
1,https://law.illinois.edu/faculty-research/faculty-profiles/michelle-d-layser/,Michelle D. Layser
1,https://urban.illinois.edu/people/profiles/andrew-greenlee/,Andrew Greenlee
1,https://ischool.illinois.edu/people/eunice-e-santos,Eunice E. Santos
1,https://socialwork.illinois.edu/faculty-staff/rosalba-hernandez/,Rosalba Hernandez
1,https://socialwork.illinois.edu/faculty-staff/flavia-andrade/,Flavia Cristina Drumond Andrade
1,http://socialwork.illinois.edu/faculty-staff/tara-powell/,Tara M. Powell
1,https://psychology.illinois.edu/directory/staff,Staff
1,https://education.illinois.edu/epol/faculty,Faculty 
1,https://education.illinois.edu/ci/faculty,Faculty 
1,http://www.matse.illinois.edu/faculty/rogers/profile.html,"John A. Rogers,"
1,http://www.ae.illinois.edu/people/faculty/bragg.html,Michael B. Bragg
1,https://ece.illinois.edu/about/directory/faculty/xiuling,Xiuling Li
1,https://education.illinois.edu/edpsy/faculty-edpsych,Faculty 
1,https://education.illinois.edu/edpsy/emeritus-faculty,Emeritus Faculty 
1,https://fs.illinois.edu/resources/f-s-strategic-plan/invest-in-our-people,Invest in Our People
1,https://law.illinois.edu/faculty-research/faculty-profiles/suja-thomas/,Suja A. Thomas
1,https://socialwork.illinois.edu/faculty-staff/karen-tabb-dina/,Karen M. Tabb
1,https://mcb.illinois.edu/faculty/profile/d-kranz/,David Kranz
1,http://mcb.illinois.edu/faculty/profile/snair/,Satish Nair
1,http://mcb.illinois.edu/faculty/profile/d-kranz/,David Kranz
1,http://www.sperrylab.nres.illinois.edu/people.html,Jinelle Sperry
1,http://mcb.illinois.edu/people/,Directory
1,http://mcb.illinois.edu/faculty_research/,Overview
1,http://mcb.illinois.edu/faculty/by_research,Research Topics
1,http://mcb.illinois.edu/faculty/by_disease_research,Disease Research Interests
1,http://mcb.illinois.edu/faculty/videos,Video Interviews
1,http://mcb.illinois.edu/faculty/mip,Faculty
1,https://education.illinois.edu/sped/faculty,Faculty 
1,https://mcb.illinois.edu/faculty/profile/enels,Erik Nelson
1,https://ece.illinois.edu/about/directory/faculty,Faculty
1,https://ece.illinois.edu/about/directory/staff,Staff
1,https://mcb.illinois.edu/faculty/profile/kaizkaiz/,Kai Zhang
1,https://mcb.illinois.edu/faculty/profile/mgillett,Martha Gillette
1,https://grad.illinois.edu/faculty-staff#main-content,Skip to main content
1,https://ler.illinois.edu/about/faculty-staff/faculty/leroy-michael/,Michael LeRoy
1,https://grad.illinois.edu/gradfaculty/membership,Graduate Faculty membership
1,https://apps.grad.illinois.edu/grad_faculty/,Graduate Faculty Database
1,https://vetmed.illinois.edu/facultyListing,"Faculty Listing by Department,"
1,https://grad.illinois.edu/faculty-staff/dgs-resources,Directors of Graduate Studies
1,https://grad.illinois.edu/faculty-staff/contacts-resources,Departmental Contacts for graduate student records
1,https://grad.illinois.edu/faculty-staff/faculty-resources,Graduate Faculty
1,https://grad.illinois.edu/faculty-staff/admissioncontacts-resources,Graduate Admissions Contacts
1,https://grad.illinois.edu/faculty-staff/pdlcertifier-resources,Departmental Degree Certifiers
1,https://grad.illinois.edu/faculty-staff/training,See a list of upcoming training sessions
1,https://mediaspace.illinois.edu/category/Colleges%3EGraduate+College%3EFor+Faculty+and+Staff/54048331,Video resources
1,https://grad.illinois.edu/faculty-staff/gsas-portal,Petitions/Record Requests
1,https://grad.illinois.edu/faculty-staff/toolkits/recruit,Admissions
1,https://grad.illinois.edu/faculty/annual-review,Annual Student Review
1,https://grad.illinois.edu/postdocs/faculty,faculty
1,https://grad.illinois.edu/faculty-staff/toolkits/block_grant,Block Grants
1,https://grad.illinois.edu/faculty/developing-programs,Course & Program Proposals
1,https://grad.illinois.edu/faculty-staff/toolkits/thesis-review,Thesis Review
